{"left_w0": [-3.0476363303313456, 3.0476363303313456], "left_w1": [-1.5638934132491793, 2.0720245492362226], "left_w2": [-3.050320796710145, 3.046869339937403], "left_e0": [-3.041116911982833, 3.0583741958465436], "left_e1": [-0.046402918833533764, 2.6273255944507423], "left_s0": [-1.6889128474618404, 1.7031021697497806], "left_s1": [-1.5021506865367915, 1.0730195611258468]}