{"right_s0": [-1.6869953714769839, 1.7008011985679525], "right_s1": [-1.514806028036846, 1.0388884885953964], "right_w0": [-3.0476363303313456, 3.0514712823010592], "right_w1": [-1.5696458412037497, 2.072408044433194], "right_w2": [-3.050320796710145, 3.0579907006495723], "right_e0": [-3.0430343879676895, 3.0579907006495723], "right_e1": [-0.049854375606275945, 2.6196556905113155]}